,ridge,xgb
ridge,1.0,0.06693915617065702
xgb,0.06693915617065702,1.0
