,ridge,xgb
ridge,1.0,0.0633695723190476
xgb,0.06336957231904762,1.0
