model,weighted_r2,role
ridge,0.0031569083545920362,main
xgb,0.8596205044882378,main
nn,0.8541073498680782,extension (R2 only)
