case_id,score
57543,0.06425604713289425
57549,0.1310448731389036
57551,0.03544198057156109
57552,0.07716548087178667
57569,0.28599158791160434
57630,0.05214772035660307
57631,0.07824045300468098
57632,0.008562421696283705
57633,0.07257745474581118
57634,0.057946671560118096
