model,oos_r2,dir_acc,n_test
LASSO,-0.024847136170479844,0.4956521739130435,115
Ridge,-0.028841794699033807,0.4608695652173913,115
RF,-0.05774036819667283,0.5304347826086957,115
