group,model,oos_r2,dir_acc,n_test
etf,LASSO,-0.029025075635775,0.6,115
etf,Ridge,-0.0597991368864547,0.6,115
etf,RF,-0.1867421455017563,0.5739130434782609,115
